published_at,title,url,fetched_at
2026-10-09,10/10(土)浦和戦 当日券販売について,https://www.fctokyo.co.jp/news/details/342303/,2026-10-11T00:50:38.232666+09:00
2026-10-08,12/4(金)川崎戦 チケット販売について,https://www.fctokyo.co.jp/news/details/342159/,2026-10-11T00:50:38.232666+09:00
2026-10-08,12/4(金)川崎戦 企画チケット販売について,https://www.fctokyo.co.jp/news/details/342151/,2026-10-11T00:50:38.232666+09:00
2026-10-01,11/25(水)広島戦 チケット販売について,https://www.fctokyo.co.jp/news/details/341887/,2026-10-11T00:50:38.232666+09:00
2026-09-28,【9/28追記】2026/27 U-21 Jリーグ チケット販売について,https://www.fctokyo.co.jp/news/details/337625/,2026-10-11T00:50:38.232666+09:00
2026-09-28,2026/27 ENGLISH-LANGUAGE TICKET INFORMATION,https://www.fctokyo.co.jp/news/details/318928/,2026-10-11T00:50:38.232666+09:00
2026-09-18,9/19(土)名古屋戦 当日券販売について,https://www.fctokyo.co.jp/news/details/341448/,2026-10-11T00:50:38.232666+09:00
2026-09-10,11/7(土)鹿島戦 チケット販売について,https://www.fctokyo.co.jp/news/details/341152/,2026-10-11T00:50:38.232666+09:00
2026-09-05,9/6(日)京都戦 当日券販売について,https://www.fctokyo.co.jp/news/details/340950/,2026-10-11T00:50:38.232666+09:00
2026-09-03,【9/3追記】9/19(土)名古屋戦 企画チケットの販売について,https://www.fctokyo.co.jp/news/details/338273/,2026-10-11T00:50:38.232666+09:00
2026-08-27,10/25(日)水戸戦 チケット販売について,https://www.fctokyo.co.jp/news/details/340414/,2026-10-11T00:50:38.232666+09:00
2026-08-20,8/21(金)千葉戦当日券販売について,https://www.fctokyo.co.jp/news/details/340187/,2026-10-11T00:50:38.232666+09:00
2026-08-19,10/21(水)柏戦 チケット販売について,https://www.fctokyo.co.jp/news/details/340093/,2026-10-11T00:50:38.232666+09:00
2026-08-13,10/10(土)浦和戦 チケット販売について,https://www.fctokyo.co.jp/news/details/339733/,2026-10-11T00:50:38.232666+09:00
2026-08-07,8/8(土)町田戦 当日券販売について,https://www.fctokyo.co.jp/news/details/339428/,2026-10-11T00:50:38.232666+09:00
